Fake,Real
http://www.amazinggracefashion.com/cf/admin/srv/cmd/f45771b506803771021c3d914e8214c3/moncompte,juiceads.net
http://www.mmpcentral.com.au/wp-admin/network/es,theoldreader.com
http://www.sabermaissaude.com.br/Googleddocxx/,hkepc.com
http://www.sabermaissaude.com.br/Googleddocxx,runetki.tv
http://tmsbrentwood.com/wp-admin/maint/pdf,fluege.de
http://www.shinlawoffice.com/online/order.php?n,khaosod.co.th
http://web.elmagueyal.com/indexx.html,baoku.com
http://post.elmagueyal.com/indexx.html,miltt.com
http://naturaldesignstones.com/4l7sq/gdoc/index.php,wileyplus.com
http://expressautobodysa.co.za/images/gallary/bkt/2/2/weter.php,paypal.de
http://ndye.org/cy/account.htm,trend-chaser.com
http://ksraoau.com/html/byte/default.php,computershare.com
http://www.sparkdeal.in/secure/3l0d0zcp7oufrjit7rlgwzq5wygkngehs5kiumys1ixjs52pnev93b4q0a1e/,bancopopular.es
http://vortura.net/admin/dc/www.usaa.com.inetent_logonLogonredirectjsp,vccs.edu
http://91.183.209.126/CFIDE/images/skins/ganwa-great.htm.html,aldeaviral.com
http://bit.ly/29uN3uG,macupdate.com
http://jmc.org.il/Support/Online/buypal/Client/id,pichunter.com
http://www.pikka.pl/rmee/dropbox/proposal/,surfearner.com
http://pikka.pl/rmee/dropbox/proposal/,fin24.com
"http://ofertadodiadoconsumidor.com/acesso.cliente,4,5,9,3,login",lww.com
https://bitly.com/29j9e3C,streamay.com
http://ht.ly/ApSP3021cT8,qihoo.com
http://service-paypal-information.sweddy.com/SERVICE/jf9r7m6drw7k8v5vzlyp0h1mg03v6ragxaxvmuy4hwegh916kplaxcm32goz/,bgr.in
http://theotherangle.ca/wp-includes/ID3/dropbox/dropbox/,asianwiki.com
http://qrrsintll.com/alibabasampleproducts/new%20ali/,blogspot.qa
http://www.ipys.org/modules/alibaba/alibaba,imageshack.us
http://service-paypal-information.sweddy.com/SERVICE/imzra99lxxutzbkjzxzlaknzmt7axxt6ainahmm5a6pz8z8ynxan8ndk6alu/index.php,damimage.com
http://umfolozi.gov.za/wp-content/editedwells/editedwells/index.htm,thenounproject.com
http://www.worldsalsachampionships.com/lax/gdoc,wtfast.com
http://sourdjan-online.com/fit/adobes/ok,politifact.com
http://everydayrecipes.ca/chocolate/choco/late/st2.htm,mediamarkt.ru
http://polyflex.com.br/linkedin,serienjunkies.de
http://www.giavo.vn/components/Zone1/login.php,publico.pt
http://service-paypal-information.sweddy.com/SERVICE/26dxdceak2z1k3wawqyh5coq0e3ha52326q59v5jnvayowybdmi8pxpf1in2/,west.cn
http://princeofpoker.com/Zone1/,getfirebug.com
https://srv128.prodns.com.br/~blogsuave/wp-admin/includes/wx.php,digitalpoint.com
http://syrcathoms.org/productcatalog/sample2016/,india.gov.in
http://syrcathoms.org/productcatalog/sample2016,drikpanchang.com
http://www.worldsalsachampionships.com/lax/gdoc/,hide.me
http://www.campanhaotorrinopediatrica.com.br/folder/linked/system/login.htm,canadavisa.com
http://www.tecnicana.org/Administrar/Calendario/av/ac/ad/,paysafecard.com
http://www.kentuckywesterntrucklines.com/webmail/,tabnakbato.ir
http://juanfernandocristo.com/foro/file/payc/b2feb57296645ef032ff738a58aa039c/,ninjakiwi.com
http://juanfernandocristo.com/foro/file/payc/b2feb57296645ef032ff738a58aa039c,libsyn.com
http://worldsalsachampionships.com/lax/gdoc,ga.gov
http://www.callusmiller.com/ciss/najkdyeri/login.php,lxwxw.com
http://190.10.221.114/DESCARGA/cx/etc/passwd/red.php,ejemplode.com
http://www.vikingrepairhouston.com/tool/,parsiblog.com
http://accuratesettingslive.info/update/Bankofamerica_2016/en/?616363757261746573657474696e67736c6976652e696e666f,flets.com
http://interrentye.org/wp-content/plugins/wpsecone/u01/account/USAA%20_%20Welcome%20to%20USAA.htm,hitbox.tv
http://mumbaiislandlionsclub.com/images/75b7db5a811e914a1b490ba00a0148db/,douban.fm
http://www.kaoduen.com.tw/cache/font/error.html,appsflyer.com
http://greetings.werfs.co/greetings/Ve!w,brit.co
http://coastalfame.com/admin/images/rss.php,dicelacancion.com
http://www.le-bo.com/media/images/sutenemic/meeboninut/voxmarispopuli/cicimeduza/ovide/lacai.html,pushcrew.com
http://ngcoglobal.com/badboy/index.htm,hashocean.com
http://www.giavo.vn/components/Zone1/login.php?.portal,asiaone.com
http://www.kosmosproduction.pl/wp-includes/fonts/excel/excel/,mogicons.com
http://www.green-space.pl/aol/,yelp.ca
http://www.azdesign.pl/img/office/Dropbox-Disclosures/verifiction/,rent.com
http://akombaovao.net/donn/Gdoccc,icarros.com.br
http://callusmiller.com/ciss/najkdyeri/login.php,dota2.com
http://le-bo.com/media/images/sutenemic/meeboninut/voxmarispopuli/cicimeduza/ovide/lacai.html,fastmail.com
http://www.le-bo.com/media/images/sutenemic/meeboninut/voxmarispopuli/cicimeduza/lovente/lacai.html?mnbmnqwbewq,ru.wix.com
http://www.tecnicana.org/Administrar/av/ac/ad,indianbank.net.in
http://jeszczelepszaoferta.pl/Arch/Arch/Archive/,delhi.gov.in
http://onlinehome.me/spg/abb/f9b97fbe13157ccd2aa4cf0240167310,hotnews.ro
http://www.arctica-trade.com.ua/dod2,bcbay.com
http://www.skyexpress.x20.asia/TR/wp-content/themes/accesspress-ray/js/.chGm/gkwocuof.html,lite-ra.com
http://www.callusmiller.com/cigii/dawindg/index.htm,cosmo.ru
http://www.sudtech.co.in/sites/pnp/krkrss/kidoz/moncompte/index.php?clientid,vercomicsporno.com
http://www.sudtech.co.in/sites/pnp/krkrss/kidoz/moncompte/index.php?clientid,classifiedads.com
http://www.sudtech.co.in/sites/pnp/krkrss/kidoz/moncompte/index.php?clientid,helpscout.net
http://praneeta.com/wp-includes/images/smilies,360nobs.com
http://www.azlawassociates.com/wp-includes/dropbox,animalmozo.com
http://caribbeanservicesa.com/templates/dropbox,charlotteobserver.com
http://maidtooclean.ca/wp-content/themes/user/revali/mail.htm,qqtn.com
http://floatfeast.com/flt/index.php,opensky.com
http://region2.dilg.gov.ph/components/Doc/work/ec/,empowr.com
http://consulate24.com/webmail,ocbc.com
http://bogzninitrade-001-site1.ftempurl.com/whm,bilutv.com
http://atalhodeletras.com.br/dropbox2017/Home17/index.php,vivaldi.com
http://www.callusmiller.com/flycarfe/ghssjkdet/index.htm,akhbaralahly.com
http://bmwclubavto.ru/p/p/Conflict/Resolution/www/PP-009-176-639-801/g4JKKBbCErMSdrs0Kp2INVCUla/yGZjmnN7PfpLgEiSCbXMwTDSIncWiN/?RuSbQgYY5enQv29nEklqQe3JXqVTJ,drive.ru
http://www.sudtech.co.in/sites/pnp/krkrss/kidoz/moncompte/index.php?clientid,hackaday.com
http://www.sudtech.co.in/sites/pnp/krkrss/kidoz/moncompte/index.php?clientid,rlsnet.ru
http://www.sudtech.co.in/sites/pnp/krkrss/kidoz/moncompte/index.php?clientid,mojim.com
http://www.gosgmart.com/db_conf/inicss/directiondereboursement/redirection.php?g4d3bdOsiuarHDdBl0bEP6dBVy_wP1WJ6XZDh7nemRp9bv2mHJ0HYZaZV6xWExsS,smartisan.com
http://expressautobodysa.co.za/images/bullet1/bullet/weter.php,gossip1.net
http://ow.ly/YDN26,tvsubtitles.net
http://mexnthecity.com/profiles/cleanportfolio/translations/client_data/,jobandtalent.com
http://mexnthecity.com/profiles/cleanportfolio/translations,gomiblog.com
http://akombaovao.net/xoo/Gdoccc/,iplaysoft.com
http://akombaovao.net/xoo/Gdoccc,freee.co.jp
http://surubiproducciones.com/wp/wp-includes/ID3/1/pdf/art/new,mvsubtitles.com
http://zlobek.stargard.pl/rnac.php,consumeraffairs.com
http://expressautobodysa.co.za/images/gallary/bkt/bkt/1/weter.php,gcu.edu
http://ow.ly/WDWm30209R3,timeweb.ru
http://www.ndye.org/bik/FRESH%20GMAIL.html,61baobao.com
http://www.ndye.org/xxx/new.html,studiocataldi.it
http://ndye.org/xxx/new.html,cwq.com
http://ndye.org/bik/FRESH%20GMAIL.html,home77.com
http://www.imkrishna.net/js/gd3/pvalidate.html,spox.com
http://www.sosgas.com.br/b/Gdoccc,topcpm.com
http://richfeet.org/cli/css/21/,snn.ir
http://www.softelixir.in/images/preview,pornhubpremium.com
http://mysmartinternet.com/login.php?referrer,freefarcy.com
http://www.cengizgulec.com/fotolar/adobesecure/85fcb822203de979705ad2dbca378295/,pasion.com
http://essentialfragrances.co.uk/errors/default/css/Identification.mail/Ameli/Ameli/PortailAS/appmanager/PortailAS/assure_somtc,feiren.com
http://www.apteka2000.com.pl/2/confirm.php,ucsc.edu
http://sosgas.com.br/b/Gdoccc/index.php,mp3mad.com
http://pixtureinfocus.com/wp-admin/okk/gr.php,trabalhosfeitos.com
http://veiloc.com.br/wp-content/a,manchestereveningnews.co.uk
http://wadihkanaan.com/demo/Auto/163.com,seratnews.ir
http://dbkunsult.eu/pengemarked/files/view/pdf/,branded.me
http://oldwww.advancingequality.org/plugins/editors/tinymce/jscripts/tiny_mce/themes/simple/images/dropbox/spacebox/,gelbooru.com
http://ultrasonidos.org.mx/menu/bin/Home/,hightail.com
http://www.gourmandgarden.com/verification,cvbankas.lt
http://58.192.78.230:8081/iTunes/be151c5479a85949e2caf71a63801bf7/,seo-fast.ru
http://www.veiloc.com.br/wp-content/a/,azertag.az
http://cnyiliu.com/includes/uploadify/action,tsdm.net
http://cnyiliu.com/includes/uploadify/action,albeu.com
http://thefotofirm.com/chi/aol.htm,xue163.com
http://quompix.com/pi/index.html,zerodha.com
http://palosfb.info/icon.svg,wikitree.co.kr
http://chase.com-0ranyrtgh6s.secure404.net/limited/,khaberni.com
http://104.37.186.118/?2,newsis.com
http://5thharvest.com/assets/icons/cdr/2/notice/,btdigg.org
http://netherlands-icscards2016.it/ics/login/c4e7a347d50743999681f3dceb5b96ce/login.php?dispatch,thefappening.so
http://drpuneetchawla.com/spec/,elcats.ru
http://radiobalsamo.org.sv/bin/drop/connect_i.php?rand,the-village.ru
http://gourmandgarden.com/verification,youneedabudget.com
http://gourmandgarden.com/verification/,xlovecam.com
http://thefotofirm.com/boo/aol.htm,bankinter.com
http://bit.ly/292zMqc,hacg.li
http://escarpitafotografia.com/web/wp-admin/user/request/login.live.com/accts.php?login.srf?wa,updatestar.com
http://www.baldoalberti.it/public/2016/05,ufrgs.br
http://www.primeproducoes.com.br/wp-includes/context/deactivation.php,ebay.be
http://www.nergygreenice.eu/invstmnts/,bathandbodyworks.com
http://www.nergygreenice.eu/invstmnts,hotair.com
http://ewlogin.epac.to/?2,youmob.com
http://espacodonaneuza.com.br/wp-content/plugins/excel/,collectivads.com
http://tiny.cc/zk8lcy,maxtv.cn
http://monteshouse.com/en-us/inet.php?LOB,topito.com
http://terrabrasilispg.com.br/mudar/ckeditor/skins/moono/Kamal/aol.index.htm,wistia.com
http://drpuneetchawla.com/spec/index.php,liebelib.com
http://www.deptosalpataco.com.ar/wp-content/uploads/2013/11/online1/bankofamerica.securemail.online/onlineeast.bankofamerica/bofa/8bc57542/signOnV2Screen.php,webcg.net
http://wetnoses.org/moon/portfolio_zip_0/dropbox,37signals.com
http://verderesidential.com.au/images/user/ii.php?rand,wootalk.today
http://mueblesormes.com.ar/administrator/links/PDF.php,timesofisrael.com
http://zhengxing.onlinedj.com.cn/themes/bartik/css/important/tender/01d3a1b3fa34f4d0507c8bef1c289dcc/,the-daily.buzz
http://www.bilgintimeless.com/,mygully.com
http://www.negociante.com.br/js/index.php,octopuspop.com
http://www.agenciadepublicidadebh.com.br/seiko/filewords/,baltimoresun.com
http://ocenka.kanzas.ua/zakaz/wp-includes/www/indexpage/index.php,cbr.ru
http://verderesidential.com.au/images/user/ii.php?email,xtool.ru
http://dbkunsult.eu/globally/files/view/pdf,syracuse.com
http://dev.distcomp.com/cgi/spacebox/,haber61.net
http://verderesidential.com.au/images/user/ii.php?ejdfr,lidovky.cz
http://zhengxing.onlinedj.com.cn/themes/bartik/css/important/tender,citizensbank.com
http://www.jyrn98.com/manager/PDF.php,hasbro.com
http://tiny.cc/zqcpcy,1hhhh.net
http://legendapplications.com.my/images/ahajswklw/?cliente,louisvuitton.com
http://manager.mailcampaigns.nl/cache/01,megaserial.net
http://www.fashionxt.net/l/db/box,three.co.uk
http://www.styl.com.co/Admin/,muffingroup.com
http://www.importarmas.com/modules/mod_feed/Alibaba.html?id,seriesubthai.co
http://fashionxt.net/df/db/box,pricepony.com.ph
http://fashionxt.net/df/db/box/,softportal.com
http://online.hmrc.gov.uk-home-organisations-hm-revenue-customs-online.estudioizquierdo.com.ar/images/,mailce.com
http://www.semanticore.pl/wp/00/Gdoc/,skatteverket.se
http://www.telewizjaitd.pl/wp-admin/user/Backmedown/new/,geektv.is
http://www.ohdios.org/upgrade/account/webmail-login.php,cjmall.com
http://www.importarmas.com/modules/mod_feed/Alibaba.html,thermofisher.com
http://lafirmalegal.com/www.cic.fr-login-secure/4980f1d821b7e0016e60711a3f59e9b3/lb.php?id,bilgiustam.com
http://www.viviqr.com/testcontrolqr/webroot/gdocs/,10youtube.com
http://lafirmalegal.com/www.cic.fr-login-secure/4980f1d821b7e0016e60711a3f59e9b3/lb.php?id,flightstats.com
http://akombaovao.net/xo/Gdoccc/,tokyo-tube.com
http://ebanking-ch1.ubs.com.vissergoutsmits.nl/img/.x/ubs/page.php,ozbargain.com.au
http://www.cross.am/adminka/images/log-in/index.html,shinhancard.com
http://hartcone.com/dsdsddssd%20dsdsdsiodsidsoids%20dsdsiodsiodsidsdssdw/365,tenpay.com
http://utlitydiscountplans.com/sixes/loads/?tracelog,omiga-plus.com
http://fashionxt.net/j/db/box/,indusind.com
http://www.zoocrewconstruction.co/wp-content/plugins/quick-setup/mailupdate/others,tmtpost.com
http://ohdios.org/upgrade/account/webmail-login.php,animeshow.tv
http://www.mze.net.au/brochure/db/box,askgamblers.com
http://prodocet.net/prodocet/alias/,akamai.com
http://www.prbolts.pl/dbdoc/dropboxdoc.php,tgfcer.com
http://www.service-paypal-information.sweddy.com/SERVICE/r8v39txz8c09ihgn9zhloa79r5lxar9spvlpe9edb4dkckyc96nn7knofycg/index.php,quizzzat.net
http://starboardmgt.com/veryvery/index.php?userid,alitalia.com
http://lafirmalegal.com/www.cic.fr-login-secure/4980f1d821b7e0016e60711a3f59e9b3/lb.php?id,kiplinger.com
http://ndye.org/seun/,abaenglish.com
http://www.klimamarket.pl/js/c.s/index.html,thesportstream.com
http://pedrosamagalhaes.com.br/news/update/www.online.chase.com/3e402990c3cca89c2479991d71917a26/mainlogin.php?newloginchase.do?sitedomain,elle.fr
http://cursoparaserralheria.com.br/sala/blog/testing/nD,fsu.edu
http://adintuitics.biz/js/sun/ceo/Arch/Archive/,onlinemoviesgold.pro
http://deborahisaacs.com/wp-includes/SimplePie/HTTP/USAAI/QSAAID/Iogin/auth_nav/pub_auth/inet/ent/proof/proofingEvent/action/OnlineId/d8c117be793c31c1a7ddecfc559a4a27/,symbols-n-emoticons.com
http://www.terrabrasilispg.com.br/mudar/ckeditor/skins/moono/buzy/posh.htm,baykoreans.com
http://effectaudio.com/shell/Dropbox/index.html,8080.net
http://192.185.215.48/~tijolole/links/PDF.php,pearltrees.com
http://cherryheel.com/js/Wazr/6de0523a17f5a80afa587292e3c30374,webopedia.com
http://colf.com.br/js/wtp/file/5/yn,whmcs.com
http://austinbannerprint.com/wp-content/themes/,songsterr.com
https://www.shobiziems.com/doctopdf/sess/b3fe35d8f663744af1b6f910f795b270/,newsweek.pl
http://www.ndye.org/seun/index.php,bricodepot.fr
https://www.shobiziems.com/doctopdf/sess/ffbc98573bde3d781d07fb23c254d336/,liverpoolfc.com
http://www.mexusb.com/administrator/09091212.html,gaymaletube.com
http://pjxby.com/js/?http://us.battle.net/login/en,stylewe.com
http://www.negociante.com.br/Gems/mgs/es/,childsobesity.com
http://sicherheitsabfrage-schutz.ml/user-login.php,incometaxindia.gov.in
http://www.tazkiyah.org.ng/new/wp-content/themes/twentysix/alibaba/,turbo.az
http://www.thefotofirm.com/chima/aol.htm,centrelink.gov.au
http://schutz-sicherheitsabfrage.ml/user-login.php,25pp.com
http://schutz-sicherheitsabfrage.ga/user-login.php,sophos.com
http://golfsquidblog.com/kldx/dropbox/yahoo.php,barlamane.com
http://schutz-sicherheitsabwehr.cf/user-login.php,kasi-time.com
http://85.9.61.108/,packagetrackr.com
http://www.pesnacional.com.br/challenge/verify/yahoo/login_verify2.htm,yidio.com
http://weaverconstructionllc.com/page5/login/inet.php?LOB,colorstv.com
http://weaverconstructionllc.com/page5/login/inet.php?LOB,google.mn
http://weaverconstructionllc.com/page5/login/inet.php?LOB,minkabu.jp
http://weaverconstructionllc.com/page5/login/inet.php?LOB,xvideosmtm.com
http://weaverconstructionllc.com/page5/login/inet.php?LOB,amap.com
http://weaverconstructionllc.com/page5/login/inet.php?LOB,vidmate.mobi
http://weaverconstructionllc.com/page5/login/inet.php?LOB,senego.com
http://cgi-limitedaccount.com/webapps/b0d35/websrc,startbootstrap.com
http://cgi-limitedaccount.com/webapps/6bef1/websrc,mymanga.me
http://i-s.com.my/account/manage/42e34/home?MY,unsw.edu.au
http://www.schluesseldienst-stuttgart-ludwig.de/ppp/667ea8dfa397f52177e7bc54710838b4/procesing2.php,tiexue.net
http://www.schluesseldienst-stuttgart-ludwig.de/ppp/94369c97b887db6f240b2934bba0470f/procesing2.php,shopandship.com
http://fuzzyduck-creative.co.uk/thinktank/images/plts79_user/websc-carding.php,watchtowergaming.com
http://monteshouse.com/en-us/inet.php?LOB,derwesten.de
http://monteshouse.com/en-us/inet.php?LOB,mid-day.com
http://i-s.com.my/account/manage/2023e/home?MY,whenrapwasreal.com
http://i-s.com.my/account/manage/20a0e/home?MY,weeronline.nl
http://modernyear.com/autodomain/adddomain/domain/others/ii.php?rand,harley-davidson.com
http://terrabrasilispg.com.br/mudar/ckeditor/skins/moono/buzy/posh.htm,womanwithin.com
http://saiethnicattire.com/wp-content/plugins/js_composer/assets/login/inet.php?LOB,caasimadda.com
http://thefotofirm.com/chima/aol.htm,connexus.com
http://www.isaiah-technical-consulting-inspection-training.com/oh/index.html,101.ru
http://harborpurchasing.com/exist/Verify.htm,umuc.edu
http://www.sicherheitsvorbeugung-hilfeservice.ga/user-login.php,wpolityce.pl
http://deborahisaacs.com/wp-includes/SimplePie/HTTP/USAAI/QSAAID/Iogin/auth_nav/pub_auth/inet/ent/proof/proofingEvent/action/OnlineId/0e1791a332b45d51063e2c11f9bc98b4/,vagaro.com
http://touchofstone.com.au/telm,trafficholder.com
http://aidyourlifestyle.com/js/cmsmart/fr/lb.php?id,thekrazycouponlady.com
http://smoky.com.br/wp-admin/es/auth/view/document/Firefox/index.cgi,zapmeta.co.in
http://qkitap.com/ecommerce/download/file/cd0c5412f04e634afcc28738a21cb273,earnshill.com
http://colf.com.br/js/wtp/file/5/yn/4f41b4ef600b5a00b7c89fb323da8f19/,gutenberg.org
http://www.edip.es/cmd/18353062f1d33f1115b80d8a9fb32e24/moncompte,koreaboo.com
http://www.nambiarbuilders.com/09091212.html,cardgames.io
http://saiethnicattire.com/wp-content/plugins/js_composer/assets/login/inet.php?LOB,oregon.gov
http://modernyear.com/autodomain/adddomain/domain/others/?email,notjustok.com
http://lordmusic.org/Forum/public/style_css,tcgplayer.com
http://casadospacato.com.br/login/index.htm,depfile.com
http://keukaenergy.com/doc/,semana.com
http://goodlifediva.com/blog/ycee/verify/index.html,ni.com
http://centraldereparaciones.com/02/account/USAA%20_%20Welcome%20to%20USAA.htm,cxz.to
http://kolarova.co.vu/5d41402abc4b2a76b9719d911017e592/pfcb/fr/?i,payless.com
http://www.stregisammanresidences.com/299fb7dc0e1d3c4ddfb914cf84eb4280/www.credit-agricole.fr-secure-vos-information-id5e40rg48erg5erg5e4e5th4ry4yukyu8tg4f8,brainly.lat
http://bit.ly/29b1iAQ,entrancecorner.com
http://kucnitrener.rs/cell/5d9ecda4059fae564ea2216b68eec5db/,elasticbeanstalk.com
http://vorkehrung-sicherheitsabwehr.cf/user-login.php,anything2mp3.com
http://www.oumya.in/js/flash/chaseonline-chase-com.html,fff.fr
http://www.stregisammanresidences.com/3fa0258efae2d0b1f2e4585b14401896/www.credit-agricole.fr-secure-vos-information-id5e40rg48erg5erg5e4e5th4ry4yukyu8tg4f8/email.php,myprotein.com
http://www.stregisammanresidences.com/3fa0258efae2d0b1f2e4585b14401896/www.credit-agricole.fr-secure-vos-information-id5e40rg48erg5erg5e4e5th4ry4yukyu8tg4f8,www.ne.jp
http://www.eumarcos.com.br/xml/,thegaw.net
http://eumarcos.com.br/xml/,niezalezna.pl
http://theotherangle.ca/wp-content/themes/panel/js/dropbox/dropbox/,thaiware.com
http://theotherangle.ca/wp-content/themes/panel/js/dropbox/dropbox,ebis.ne.jp
http://laprovi.com/js/lib/freemobile.fr/identification/f6a83eb69fe0f821bdee1ca6f02da381/,apne.tv
http://laprovi.com/js/lib/freemobile.fr/identification/7b11574b82a40fb6829a3943e8ac0bc9/,ofweek.com
http://chief.riman.sk/1.php,ustc.edu.cn
http://www.bsa452.org/Scout/Images/yahoo/png/,fabric.io
http://ace-distribution.eu/logo/dropbox/dropbox/,makezine.com
http://modernyear.com/autodomain/adddomain/domain/others/ii.php?rand,gp8377.com
http://www.facebook-notification.com/fb.mobile/1error.html?wo9SpDzhykZCx2HXhwi8IgYRqlqdqot,zhifang.com
http://consegg.com.br/admin/assets/images/Investment/4d1504a83afbe5692603f9ded3684d98,sendgrid.com
http://annuncioagency.com/file/ipad/,pistonheads.com
http://blogpaulsupholstering.cloudaccess.host/imgserver/,3dlat.net
http://testimonialpaulsupholstering.clouddevbox.net/imgserver/,expedia.co.jp
http://njh.thelloydsociety.org/.cthub/,stocktwits.com
http://cat-vine.com/wp-content/darl/us.mc1254.yahoo.htm,mgpyh.com
http://www.keukaenergy.com/doc/,libertatea.ro
http://stroishop.by/plesk-stat/grs/Auto/newpage/passerror.php?rand,sciencenet.cn
http://chief.riman.sk/09/,adac.de
http://www.service-paypal-information.sweddy.com/SERVICE/rpdkniwprnvgvfcg4r32rpgmhj9zns758bflj110em7zs96mr0f8fmlnwkd9/index.php,ck365.cn
http://www.dataentrybposervices.com/wp/wp-content/themes/wpthemeone/tes/mail.htm?cmd,hdking.mobi
http://service-paypal-information.gtllc.com/SERVICE/m291vbxk3zb888a7wiw26b9njss7l8vx1vpmxcxq2zp0ypxlxkdulc7vvps7/index.php,nordea.se
http://service-paypal-information.gtllc.com/SERVICE/ge8onbirjwu80pdoraobing7zuzqfskmwi0ak8rtvcsmrv18vf93sg1i0ry5/,instacart.com
http://service-paypal-information.gtllc.com/SERVICE/fwi7ocnunlt4p6jwwvyzvpkcjma8amqf9ydo1r8e3s9ioj4b5s1q8bthntgo/,airbnb.es
http://service-paypal-information.gtllc.com/SERVICE/58tb31q6y8ufcmg3a99ii0hg096mvr5qqprjh7g561a8dh2eg1npsvviusuf/,suprclicks.com
http://laprovi.com/js/lib/freemobile.fr/identification/3f48f80919ec141d6dcc2cfed4ee6571/,comodo.com
http://parsstone.co.nz/libraries/g_doc/index.php?l,binbox.io
http://parsstone.co.nz/libraries/g_doc/download_doc.php?l,thejigsawpuzzles.com
http://parsstone.co.nz/libraries/g_doc/download_doc.php,littlebux.com
http://parsstone.co.nz/libraries/g_doc,turbosquid.com
http://www.precedentcollege.edu.pk/BuisnessDrive/GD1/GD,nginx.org
http://stregisammanresidences.com/78dead2cb90285fa990f1f8e1566fd95/www.credit-agricole.fr-secure-vos-information-id5e40rg48erg5erg5e4e5th4ry4yukyu8tg4f8/,meczyki.pl
http://2933517.com/js/?ref,servis24.cz
http://www.easvarahospital.com/app/webroot/files/dhl/8ba571b58de350d3d01a47d79f056c56/,caringbridge.org
http://sintracoopgo.com.br/wp-includes/js/crop/crd/legit/,sol.org.tr
http://www.gconsolidationserv.com/a242e7536e1bea0f59e4b19772183c79/Verify2.htm,wenwuchina.com
http://totallocadoradeveiculos.com.br/banners/excel/,poptm.com
http://www.primeproducoes.com.br/wp-includes/context/deactivation.php?email,gamingwonderland.com
http://www.tygielrozmaitosci.pl/gmaiI/bcbd37e8b9bf2bf05df882ba2ff5603d/,partycity.com
http://living4u.80port.net/zb/doc/file.index.htm/remax-securelogin_files/remax0-0secure0login_files/remax0-0secure0login_files/Remax%20-%20Secure%20Login_files/,seesaa.jp
http://living4u.80port.net/zb/doc/file.index.htm/remax-securelogin_files/remax0-0secure0login_files/remax-securelogin_files/,firstdirect.com
http://www.landmarks.com.mx/sleek/7010dd6ba430f653a39c54ae84d0f6af,my-personaltrainer.it
http://parsstone.co.nz/libraries/g_doc/file_doc.php,potterybarnkids.com
http://ipurg.ru/cgi--bin/12/1/22/33/index.html,jameda.de
http://theotherangle.ca/wp-admin/images/dropbox/dropbox,mysites123.com
http://theotherangle.ca/wp-admin/images/dropbox/dropbox/,mnscu.edu
http://www.landmarks.com.mx/sleek/7010dd6ba430f653a39c54ae84d0f6af/,moegirl.org
http://vorkehrung-sicherheitsabwehr.ga/user-login.php,warpedspeed.com
http://ipurg.ru/cgi--bin/12/1/22/33/login.php?.portal,draftkings.com
http://saranyaconceptschool.org/sx/dpbx/,ct.gov
http://sagarbuckles.com/monograms/byte/default.php,pdf2jpg.net
http://astrorachna.com/admin/pdf/login.htm,tax.gov.ir
http://www.wadihkanaan.com/demo/Auto/163.com/others/?rand,har.com
http://saranyaconceptschool.org/mees/dpbx/,sgamer.com
http://www.service-paypal-information.sweddy.com/SERVICE/8rm2k5fhmab7nhwr118f1bf0ypm2esbc9n4ki9sv9tsn1f4s63xx43oti0ln,kiabi.com
http://ohdios.org/fb_test/server/account/webmail-login.php,bikebros.co.jp
http://ace-distribution.eu/abby/dropbox/dropbox,femina.mk
http://www.cdp.tsure.ru/components/com_wrapper/mailbox,chewen.com
http://foodmoiet514.com/wp-content/newpage/form.php?.randinboxlight&amp;,avangard.ru
http://service-paypal-information.gtllc.com/SERVICE/eouoapb8b8x5o45oz2ex54jc3r7c3jm8x7mymowonjj1efg48lr3g169j3bd/index.php,raise.com
http://klecks-hex.de/wp-includes/images/index.php,unl.edu
http://securitypaypal.webapps.mpp.ua.privacy-full.send-money-online.service-verification.gabesmotors.com/069dfdf28b/personal.php?dispatch,shihuo.cn
http://aidyourlifestyle.com/js/cmsmart/fr/lb.php?id,ahlife.com
http://www.easvarahospital.com/app/webroot/files/dhl/698d45636b88117714cc2d77e65f4fb5,toto-dream.com
http://www.cianlinens.com/wp-admin/bee/dmm/,onlinemapfinder.com
http://conectadoscondios.net/assets/busines/index.php,iranecar.com
http://sellerctral.amzon.ki2le4xi5fi1ma2l1hqevrtsbkxhqf.allenokane.com.au/?mislbWHBWfv3Jfux2b6bTYJrpeyk4N4JGx3yUpcTuNRLG,icai.org
http://sellerctral.amzon.ki2le4xi5fi1ma2j3n81x2fqte2y7s.allenokane.com.au/?cOCpnyBWXsoFlvz5dmEE1t827bW90cshirI1PAlV319Df,tophotels.ru
http://paypal.com-secure-service-update-account.originthenovel.com,escort-advisor.com
http://www.kelnhofer-blogs.org/Busniess-contact-list/,techbargains.com
http://www.gruacor.cl/appleid/,stack.com
http://www.university.apeejay.edu/malicas.html,housing.com
http://winhandicap.com/MicrosoftEmailUpgrade.html,qilook.com
http://thoyyibahaqiqah.com/manage/newpage/seed/jet/,wi.gov
http://anthonybailey.com.au/login/westpac/login.php,adult-empire.com
http://upgrade-001-dept-akndsja3.tripod.com,finya.de
http://blog.chatale.co.uk/wp-cron/user/12.htm,brndrm.com
http://www.giebeladwokat.pl/wp-includes/pomo/f1b921da70d3f23a9824637e957481ab/main.html,nd.edu
http://www.giebeladwokat.pl/wp-includes/pomo/ff68e110c1d902e5a6b55c4d0276e12e/main.html,vivino.com
http://www.fendix.pl/archive/templates/Displace/img/navi/7ce9654a268febf23e26351a05d902b0/18bd7f011f33e276f77d0c281819de45/,beachbody.com
http://www.fendix.pl/archive/templates/Displace/img/navi/9be3d5ac9fea3bd750d02f57fe47c453/231da68dde0157ce0368b57fd1be1b9c/,cpuboss.com
http://www.arko-gum.pl/wp-admin/js/GD/,18touch.com
http://www.arko-gum.pl/wp-includes/css/GD/,transrush.com
http://www.snsinspectors.ca/wp-admin/js/login.alibaba.com/login.jsp.php,anticlove.com
http://ace-distribution.eu/logo/dropbox/dropbox/index.php,weeb.tv
http://www.allendesign.com.au/wp-admin/css/colors/light/newphase/zonalzone/homezone/default.php,geneanet.org
http://www.pakar.eu/wp-includes/js/security/resolve-disputes/provide-update/,dailysnark.com
http://dublet.szczecin.pl/wp-includes/images/crystal/index.htm,bluedart.com
http://bc.vc/C3Fqr4w,citethisforme.com
http://escarpitafotografia.com/web/wp-admin/user/request/login.live.com/accts.php?login.srf?wa,jia400.com
http://g21solucoes.com.br/flash/ten/,cio.com
http://downhomeexpo.com/manual/init/nni/update.htm,kaiwind.com
http://patrickbell.us/byte/indexx.php,cartrade.com
http://patrickbell.us/byte/default.php?fail,wealink.com
http://troop209.net/a4f0b7a7d8/paypal/,365jilin.com
https://feisbuke.de/kool/css/,qantas.com
http://eurotraderz.com/b2a6a5b8d7/paypal/,border.gov.au
http://letstalkpaws.co.uk/components/com_search/views/search/tmpl/31ah.php/,stradivarius.com
http://teatremataro.es/signin/eBayISAPI.dll.html?co_partnerId,thetimes.co.uk
http://teatremataro.es/signin/eBayISAPI.dll.html?co_partnerId,xxxtubeset.com
http://teatremataro.es/signin/eBayISAPI.dll.html?co_partnerId,greenmangaming.com
http://teatremataro.es/signin/eBayISAPI.dll.html?co_partnerId,uwaterloo.ca
http://www.raspunsuri.info/wp-content/themes/www.remax.ca,comixology.com
http://www.raspunsuri.info/wp-content/themes/www.remax.ca/,torrinomedica.it
http://raspunsuri.info/wp-content/themes/www.remax.ca/,pcwelt.de
http://raspunsuri.info/wp-content/themes/www.remax.ca,thenationonlineng.net
http://crushstore.com.br/wp-includes/Text/drop/index.php?Email,listchallenges.com
http://crushstore.com.br/wp-includes/Text/drop/index.php?Email,petardas.com
http://crushstore.com.br/wp-includes/Text/drop/connect_i.php?rand,politikus.ru
http://ke.nfcfhosting.com/kpin/s/ink/index.php,quizony.com
http://www.fadergolf.com/dropbox,ucaiyuan.com
http://crushstore.com.br/wp-includes/Text/drop/index.php?Email,topfo.com
http://crushstore.com.br/wp-includes/Text/drop/index.php?Email,hellomagazine.com
http://schutz-sicherheitsabwehr.gq/index.php,thedirty.com
http://service-paypal-information.sweddy.com/SERVICE/0cgx437lw5h1trz7u1iuuy1f7j3gprhfun2og0z3v7ufojc8bktv9l07uud9/index.php,baidajob.com
http://richiecranny.com/webb/init/erimi/Paype/index.php,geo-online.co.jp
http://effectaudio.com/5452adf8dca6e6d56e035ba781ef51c4eerioe903/Dropbox/index.html,meitu.com
http://uso-prt.com/tmp/mon.htm,visa.com
http://velocitypgh.com/wp-content/themes/twentysixteen/js/8/2383ea6217c707241bf38e2e971dad1b/?dispatch,mcgill.ca
http://ljiljanavukelja.com/admin982/fileword,ninisite.com
http://update.login.mmgalleri.com/ii.php?n,jxnews.com.cn
http://lnk.bz/2HNo,brilio.net
http://service-paypal-information.sweddy.com/SERVICE/0cgx437lw5h1trz7u1iuuy1f7j3gprhfun2og0z3v7ufojc8bktv9l07uud9/,gentside.com
http://biztoko.com/storefront/view/default/upgrade/mail.htm?cmd,proxer.me
http://primeproducoes.com.br/wp-content/file/db/box/,belfius.be
http://www.sannakarlin.com/curl/ip/redirection.php,amzreviewtrader.com
http://monteshouse.com/en-us/inet.php?LOB,kogama.com
http://www.amazinggracefashion.com/cf/admin/srv/cmd/c29df3470d25ee4d1f20a4cd47710980/moncompte/,las2orillas.co
http://shshide.com/js?us.battle.net/login/en/?ref,sanwa.co.jp
http://gospelshoptv.com.br/autobox,fenrir-inc.com
http://empresasdepauloafonso.com.br/PROPOSAL/jack/login.htm,warframe.com
http://gasongatesandfences.com.au/wp-includes/SimplePie/Data/7cb053696f8ec3cf5b36b8678ec0ea6d/,nazwa.pl
http://gasongatesandfences.com.au/wp-includes/SimplePie/Data/7cb053696f8ec3cf5b36b8678ec0ea6d,aces.gov.in
http://gasongatesandfences.com.au/wp-includes/SimplePie/Data/56cb1711e2d0f8a3db7e429bebe9d3d9/,mb.com.ph
http://gasongatesandfences.com.au/wp-includes/SimplePie/Data/47acc7a102611016d7713ee99c30dab8,macromedia.com
http://gasongatesandfences.com.au/wp-includes/SimplePie/Data/0c2c3631eb053fb395afd71450da1991,streaming-unlimited.com
http://gasongatesandfences.com.au/wp-includes/SimplePie/Data/0913356571daa04c24bd3faec2c0a3fd/,parsonline.com
http://gasongatesandfences.com.au/wp-includes/SimplePie/Data/0913356571daa04c24bd3faec2c0a3fd,demae-can.com
http://www.opensearchnetwork.com/wp/wp-content/slip/ca23f28182ca8fee7e1b144bf0ff0c6a,blogcu.com
http://moversrhere.com/Doc2015/LoginVerification.php,theoatmeal.com
http://test.3rdwa.com/hotmail/bookmark/ii.php?rand,mm-cg.com
http://www.epe-chambourcy.org/language/Ev-U/ssd/,quickbase.com
https://missionquest.org/modules/mag/syu/,india-forums.com
http://www.maverick-america.com/errors/freemobile.fr/identification/118f35fbc6ae77deffdccf9c7778ff66/error.php,kissmetrics.com
http://www.maverick-america.com/errors/freemobile.fr/identification/118f35fbc6ae77deffdccf9c7778ff66,melody24.net
http://www.gpu.sk/includes/js/nD,imbc.com
http://www.maverick-america.com/errors/freemobile.fr/identification/118f35fbc6ae77deffdccf9c7778ff66/,tadawul.com.sa
http://wadihkanaan.com/demo/Auto/163.com/g/connect_i.php?rand,ldlc.com
http://decorativeboards.com/dropbox/094dbae71b829e610bad7f69fa2c07c1/login.php?login.psp?sitedomain,crictracker.com
http://alplak.com/css/joan/wedan/fbde0fa31e84ab1a7c3cc02a34cd918a/,poetryfoundation.org
http://lacajaverde.com/wp-includes/googledocs/login.php?l,sojump.com
http://thmacksr.com//libraries/legacy/log/gg.php,pasted.co
http://sharedsecuredapp.berniercrepeau.info/invoicesapplication/111/yh.php,guru.com
http://www.trance2life.com/foro/js/chaseonline-chase-com.html,br.de
http://sharedsecuredapp.berniercrepeau.info/invoicesapplication/111/al.php,nicesearches.com
http://espace.rembourssement.enligne.impotgov.com/rom/142a546e1c695e1dba9e0670cd1c64a3/,5xt.com
http://netherlands-icscards2016.it/ics/login/c4e7a347d50743999681f3dceb5b96ce,airfrance.fr
http://www.negotiatio.eu/fuel/6675a3dd0e83e4f3797992a6de066c04/,charter97.org
http://www.myfitnessangel.com/dropboss/,novaposhta.ua
http://foodmoiet514.com/wp-content/newpage/index.php?.randinboxlight,yummy77.com
http://www.decorativeboards.com/dropbox/05c70aa0a04e32b085ac9b9780924fb9/Login.php?login.psp?sitedomain,livingly.com
http://greenchili.alnajahoverseasltd.com/news/new/index.php,mgm.gov.tr
http://fadergolf.com/dropbox,webrazzi.com
http://fadergolf.com/dropbox/,significados.com.br
http://fendix.pl/archive/templates/Displace/img/navi/9be3d5ac9fea3bd750d02f57fe47c453/231da68dde0157ce0368b57fd1be1b9c,neowin.net
http://fendix.pl/archive/templates/Displace/img/navi/7f0e6b93798c98b7d32414ed809c8f6a/4d8d844df2350de45bfabc6de08070ce,fastcodesign.com
http://ace-distribution.eu/dddddd/dropbox/dropbox/,seriesvideobb.net
http://smallnet.com.vn/cache/gc/googledoc/wr/cd/index.php,open.ac.uk
http://ndye.org/kio/,skai.gr
http://service-paypal-information.gtllc.com/SERVICE/02pqm24yy7r1k8mpmwsmctuc7gzm4jiubxboq6ce3u6etit55ci8w2bt8063/,pardad.ir
http://www.landmarks.com.mx/sleek/32c3ecec27414ab85ae8b16b909c6899,wsu.edu
http://timeforhealthusa.com/fdgfd/fdgfd/X1z0/products/viewer.php?l,live-smi.ru
http://www.mega-torrent.net/alibaba/index.php?email,bkm.com.tr
http://159-100-185-113.worldwidewebhosted.com/errors/freemobile.fr/identification/118f35fbc6ae77deffdccf9c7778ff66/error.php,onlinetrade.ru
http://satyamultiplex.com/imgg/listmenu/BBHMM%20GLOBAL%202/secure/index.php?email,pandora.net
http://coordinacionmusicayartes.cl/hennn/dropbox/,babble.com
http://timeforhealthusa.com/fdgfd/fdgfd/X1z0/products/viewer.php,xm.com
http://timeforhealthusa.com/fdgfd/fdgfd/X1z0/products/viewer.php?l,gamepressure.com
http://www.hjartholm.no/blog/wp-includes/js/bookmark/ii.php?fid,keeplinks.eu
http://service-paypal-information.sweddy.com/SERVICE/70g07uce277u4spmko2y32iz9453sywqp3gmnjrggp0b7gniug6o9fd8982s,nme.com
http://service-paypal-information.sweddy.com/SERVICE/0ij5jsf1g3shvin04yubjyt6ufe2aam1iwxse2jlv2tgb675vs75gq11w6ux/index.php,khamenei.ir
http://www.artlitera.ro/wp-includes/js/message/,weziwezi.com
http://www.schutz-sicherheitsabwehr.gq/user-login.php,gymboree.com
http://dfhdsfhhfdhdf5s6h5.blogspot.hk/index.html,lavoz.com.ar
http://www.enning-daemmtechnik.de/cvgy31/startfilez.php?personal-UK&cbcUSER0f580341a1ea08c4eac506273a0d1ad9,careerlink.vn
http://www.enning-daemmtechnik.de/abhcy3/startfilez.php?personal-UK&cbcUSERc4e44cd65bba9b5200e49ffc183d7ed2,baur.de
http://www.enning-daemmtechnik.de/abhcy3/startfilez.php?personal-UK&cbcUSERb6b474fdafb3d9473e50d0c49c08b3d5,megafilmesonline.net
http://www.enning-daemmtechnik.de/cvgy31/startfilez.php?personal-UK&cbcUSER24c02d3913a24a9f3e3c21035593b70a,6vhao.net
http://mumbaicentralindia.com/wp-admin/includes/ymail/cd5827c221bb20265d597bf457410293/cameo.php,congan.com.vn
http://www.conquerathletic.com.au/wp-includes/js/drop/33463b4160d57e62dc7b2d6895641a56/,rateyourmusic.com
http://www.enning-daemmtechnik.de/cvgy31/startfilez.php?personal-UK&cbcUSERc253ac66a12bf86230b86e03fc146cd8,nec.go.kr
http://www.decorativeboards.com/dropbox/05c70aa0a04e32b085ac9b9780924fb9/,metropoles.com
http://www.adaniasigorta.com.tr/wp-includes/images/ss/,rubigame.com
http://dongshan-tech.com/includes/Share%20Files/?code,yellowpages.ca
http://diskopukm.natunakab.go.id/backup/2016,smarturl.it
http://www.stregisammanresidences.com/fd75976f6c35805dab968a7acb918e67/www.credit-agricole.fr-secure-vos-information-id5e40rg48erg5erg5e4e5th4ry4yukyu8tg4f8/email.php,thegameraccess.com
http://cnyiliu.com/includes/uploadify/action,sleazyneasy.com
http://www.dmega.co.kr/dmega/data/qna/sec/page.php?email,blizko.ru
http://www.stregisammanresidences.com/fd75976f6c35805dab968a7acb918e67/www.credit-agricole.fr-secure-vos-information-id5e40rg48erg5erg5e4e5th4ry4yukyu8tg4f8,deyi.com
http://www.dmega.co.kr/dmega/data/qna/sec/page.php?email,abcmouse.com
http://www.gkjx168.com/images/?us.battle.net/logi,365cgw.com
http://goarich.org/docs/wetransfer,8muses.com
http://bronze-jewelry.com/wp-admin/maint/0e0268b5ba63cc9cd902268f86c91836/index/web/f6ffaa0ea46a2d8e1a2c6bfae9dd8ca7/confirmed.php,tidal.com
http://bmwclubavto.ru/p/p/Conflict/Resolution/www/PP-009-176-639-801/xSXbmSrzISupl6N7ZdOj6ASFvpP/fadyYbkEruCiTbsWZ2u6xf9eQ/,plius.lt
http://875290-de-gast-sicherheit-validierung.sicherheitssystem-sicher.cf/user-login.php?cmd,viralands.com
http://www.sicherheitsabwehr-schutz.ga/user-login.php,clickpoint.com
http://mucinnamphat.com/php/dhlead_hidest.html,state.ma.us
http://www.laprovi.com/skin/coverjs/directiondereboursement/redirection.php,whois.net
http://www.greystonesolutions.com/update.html,behindwoods.com
http://www.openplus.pt/language/it-IT/Files/Drive,cgd.pt
http://www.ljiljanavukelja.com/admin982/fileword,kinogo-2016.net
http://www.mueblesormes.com.ar/administrator/links/PDF.php,tushkan.tv
http://www.generationengerechtigkeit.de/zip/,gossiplankanews.com
http://www.generationengerechtigkeit.de/zip,infoworld.com
http://www.inkospor.it/log/spacebox/,khaleejtimes.com
http://www.alrakhaa.com/Doc/Sign/,newsner.com
http://login8568956285478458956895685000848545.tunisia-today.org/verify/websc-loading.php,igli5.com
http://www.magneticnaildesign.ca/modules/simpleslideshow/slides/WellsLINK/,alweeam.com.sa
http://shoppingdeal.net.in/zohoverify/hitech.document.htm,bestappstore.mobi
http://www.austinbannerprint.com/wp-content/themes/,windowsphone.com
http://www.marekpiosik.pl/new/LoginVerification.php,bzwbk.pl
http://www.onlinehome.me/dkd/onlin/75097ef3543b1565a8d0aded470dbcb4,pinkbike.com
http://www.ysgrp.com.cn/js/?us.battle.net/login/en/?ref,seoul.co.kr
http://inkospor.it/log/spacebox/index.html,remax.com
http://www.wuzhou-my.com/images/?us.battle.net/login/en/ref,xrea.com
http://sicherheitsabwehr-schutz.ga/user-login.php?cmd,ivoox.com
http://ljiljanavukelja.com/admin982/fileword/,gomusix.com
http://schutz-sicherheitsabfrage.ga/user-login.php?cmd,jpost.com
http://gdxjabh.com/js/?ref,lyricsfreak.com
http://www.fullquiverlabs.com/claimownership/,designscrazed.org
http://dentale.implantologiaonline.com/cada/aol.index.htm,milenio.com
http://alrakhaa.com/Doc/Sign/index.php,mobile-review.com
http://bolobom.net.br/images/ar/login.jsp.htm,sitel.com.mk
http://www.srilankamahaviharaya.com/administrator/manifests/DHL/index.php?l,ato.gov.au
http://schutz-sicherheitsabfrage.tk/user-login.php?cmd,govpshosting.com
http://schutz-sicherheitsabfrage.tk/index.php,newspapers.com
http://schutz-sicherheitsabfrage.gq/user-login.php?cmd,funshop.co.kr
http://login8568956285478458956895685000848545.tunisia-today.org/verify/websc-loading.php?go,pagesperso-orange.fr
http://www.cnhedge.cn/js/index.htm?ref,tn.gov.in
http://www.ecarecommunications.in/temp/websc.php,jomashop.com
http://www.zdtyn-agrochovas.cz/GoogleAdobe/,farecompare.com
http://www.cinderella.net.br/caol/aol.htm,realist.com
http://fullquiverlabs.com/claimownership/,celebjihad.com
http://greenchili.alnajahoverseasltd.com/news/new/login.php,xtec.cat
http://greenchili.alnajahoverseasltd.com/news/new/login.php?l,perspolisnews.com
http://do-broni.pl/finance/NewUser/Login/sign-in/,cheathappens.com
http://starboardmgt.com/veryvery,lasprovincias.es
http://schutz-sicherheitsabwehr.cf/user-login.php?cmd,sendo.vn
http://vpmarketing.com.au/now/newdropbox/,fantasypros.com
http://campeaoprovincias.com/pt/includes/PEAR/NATWEST/accinfo.html,wenjuan.com
http://mysellingnet.com/file/index.php,daemon-tools.cc
http://starboardmgt.com/veryvery/products/id.php?l,pia.co.jp
http://mueblesormes.com.ar/administrator/links/pvalidate.html,app111.com
http://www.coordinacionmusicayartes.cl/hennn/dropbox/,adidas.ru
http://knot.in/GDD(1)/GDD(1)/GD.zip/,logpo.jp
http://ipclop.com/js/pdf/wall/a3c0c1223c83d652f95c052d56c9d873/,mmamania.com
http://ipclop.com/js/pdf/wall/778cb744a3fcf6cdd5610b1fdec780da/,biji.co
http://detroitglassandmirror.com/f4092251b3ec43cb37d57d83636da8f7/,cvc.com.br
http://drivehostsecure-001-site1.itempurl.com/securechannel2.htm.php?secureportallogin,tournamentsoftware.com
http://www.lidanhang.com/js/?ref,skidrowgames.net
http://alrakhaa.com/image/Doc/Sign/index.php,trafmag.com
http://zoocrewconstruction.co/wp-content/plugins/quick-setup/mailupdate/others?.rand,ckfu.org
http://105861--gast-kenntnis-account.sicherheitsvorbeugung-hilfeservice.ga/user-login.php?cmd,parismatch.com
http://www.dfhdsfhhfdhdf5s6h5.blogspot.dk/index.html,mymp3singer.com
http://dfhdsfhhfdhdf5s6h5.blogspot.dk/index.html,listenlive.co
http://www.dfhdsfhhfdhdf5s6h5.blogspot.co.nz/index.html,opensubtitles.website
http://dfhdsfhhfdhdf5s6h5.blogspot.co.nz/index.html,ow.ly
http://www.moversrhere.com/Doc2015/,dianxiaomi.com
http://www.barotex.com/wp-includes/Text/Diff/Data/e84bae9fcdda8dbf4dc7f854ef5471ae,aljarida24.ma
http://www.barotex.com/wp-includes/Text/Diff/Data/c9db0341397284857c747b96e2e995a7,fydownload.com
http://www.barotex.com/wp-includes/Text/Diff/Data/916226c137015e506e784c080c4355ed,subsmovies.com
http://www.barotex.com/wp-includes/Text/Diff/Data/56c31f18a97bd3f5d701a64666ea98b3/,redirect-wb.com
http://www.service-paypal-information.sweddy.com/SERVICE/0cxqqrlow08pjebgfaydogfacdlbf6a58ylpfx32o1iy6j4bjsfyzlz1pa3u/index.php,mapsgalaxy.com
http://www.schutz-sicherheitsabfrage.tk/user-login.php,kauppalehti.fi
http://www.kucnitrener.rs/doc/ribey/,italiawebcam.org
http://903515-germany-nutzung-mitteilung-account.sicherheitshilfe-schutz.ml/user-login.php?cmd,complaintboard.in
http://www.rottner-trezor.sk/galerie/trustpass.html,alternate.de
http://personalizedfirepits.com/index.htm,cadot.jp
http://pakdashtcity.org/gallery/Copy/,dishtv.in
http://smkfadris.sch.id/materi/sess/8dde15bc9589ba92c69b5c1d96c47876/,qwant.com
http://graciebarrataunton.co.uk/pp/171a937f3be687e52a7d3aa4e32e995e/procesing1.php,eshield.com
http://bettomarquez.com/zmllkm/,daraz.com.bd
http://dmeneghetti.com/surece/Dropbox/dropbox,myflixhd.com
http://www.kucnitrener.rs/yahooo0/e6c3eaac33278328240e8af367ce26db,podbean.com
http://www.amazinghomedeal.com/UPDATE/1af8b8c367f15c65b7b0b0959b4d9c83/index2.php,dlouha-videa.cz
http://www.amazinghomedeal.com/UPDATE/1af8b8c367f15c65b7b0b0959b4d9c83/,bible.org
http://progressiveengrs.com/Media-Group,60abc.com
http://marekpiosik.pl/new/LoginVerification.php,heteml.jp
http://ipclop.com/js/pdf/wall/s/verification.php,wpbakery.com
http://804188-de-nutzung-kenntnis-account.sicherheitshilfe-schutz.ml/user-login.php?cmd,dylianmeng16.info
http://www.schutz-sicherheitsabfrage.ga/user-login.php,healthcaremagic.com
http://sicherheitsabfrage-schutz.ml/user-login.php?cmd,chuanke.com
http://effectaudio.com/452adf8dca6e6d56e035ba781ef51c4eer/Dropbox/index.html,haber1903.com
http://schutz-sicherheitsabwehr.cf/user-login.php?cmd,lieferando.de
http://easvarahospital.com/files/dhl/698d45636b88117714cc2d77e65f4fb5/,yicheshi.com
http://amazinghomedeal.com/UPDATE/1af8b8c367f15c65b7b0b0959b4d9c83/,latina.pe
http://bid-vest.co.za/bail/googledrive.php,mrantifun.net
http://living4u.80port.net/zb/doc/file.index.htm/remax-securelogin_files/remax-secure_login_files/remax-securelogin_files/hotmail.php,up-current.co.jp
http://living4u.80port.net/zb/doc/file.index.htm/remax-securelogin_files/remax-secure_login_files/remax-securelogin_files/other.php,filmovita.com
http://www.uvtech.com.mx/wp-admin/PayPal-Login/websc.php,accountingtools.com
http://cosmeticosnaturales.mx/js/BXT/really2.php,themakers.cn
http://cosmeticosnaturales.mx/js/BXT/pvalidate.html,ridus.ru
http://cosmeticosnaturales.mx/js/BXT/processing.html,greenwichmeantime.com
http://concursoagentepenitenciariomg.com/bd/hotmail/,sgcarmart.com
http://concursoagentepenitenciariomg.com/bd/hotmail/index.htm,nta.co.jp
http://cch-rc.ml/wp-content/themes/trans/transf.html,jobs.bg
http://www.alrakhaa.com/psp/psp/note/,dongao.com
http://www.limebrook.com.au/advan/verifymail.htm,pearsonsuccessnet.com
http://precedentcollege.edu.pk/document/wr/cd,xxl-rabatte.de
http://precedentcollege.edu.pk/document/wr/cd/,binsearch.info
http://overlapsistem.com/online/order.php?fid,animalplanet.com
http://mercuriusstratege.ca/Zone1/,chromeactions.com
http://www.addictedtodesigners.com/wp-includes/mine%20dhl/shippingdoc(1).htm,mapcamera.com
http://evark.in/bisonraki/3/Banco-Pichincha/Banco-Pichincha/Banco-Pichincha/ingresoToken.html,telefe.com
http://www.nashvek.ru/logos/f1le/security-verification.html?5ecur3&amp;sit3SSL,airtel.com
http://alrakhaa.com/psp/psp/note/,stocksnap.io
http://alrakhaa.com/psp/psp/note,farnet.ir
http://limebrook.com.au/advan/verifymail.htm,parspal.org
http://decorativeboards.com/dropbox/094dbae71b829e610bad7f69fa2c07c1/Login.php?login.psp?sitedomain,bittrex.com
http://commercioravenna.it/city/modules/mod_sections/ItauBankline.com.br,tse.jus.br
http://www.allendemexico.com/wp-content/uploads/2014/11/docusign/DocuSign2.php?rand,cup.ir
http://www.allendemexico.com/wp-content/uploads/2014/11/docusign/index.php,consumercellular.com
http://nashvek.ru/logos/f1le/authUID.html,payetteforward.com
http://barotex.com/wp-includes/Text/Diff/Data/963d7bba6b2e491cc0fe300f7bbe8923,oremanga.com
http://barotex.com/wp-includes/Text/Diff/Data/963d7bba6b2e491cc0fe300f7bbe8923/,watchdbzsuper.com
http://www.ilona.com/wcmilona/wp-includes/SimplePie/Data/eb2534ec08a94bd2d5beafb4d0614702,jogos.uol.com.br
http://confeccionescabrera.com/libraries/page.html,alltop.com
http://evark.in/bisonraki/1/Banco-Pichincha/Banco-Pichincha/Banco-Pichincha/ingresoToken.html,pontosmultiplus.com.br
http://www.barotex.com/wp-includes/Text/Diff/Data/e84bae9fcdda8dbf4dc7f854ef5471ae/,rusplt.ru
